episode,timestep,reward
1,101,-211.9885
2,202,-213.2613
3,303,-235.0468
4,404,-214.221
5,505,-213.1733
6,606,-211.6895
7,707,-209.2439
8,808,-231.4132
9,909,-212.9431
10,1010,-226.2461
11,1111,-204.3957
12,1212,-262.4641
13,1313,-189.5414
14,1414,-233.4133
15,1515,-223.7399
16,1616,-189.7729
17,1717,-229.1122
18,1818,-215.7268
19,1919,-246.291
20,2020,-256.6484
21,2121,-207.8053
22,2222,-147.6188
23,2323,-200.853
24,2424,-197.0868
25,2525,-219.5319
26,2626,-223.3764
27,2727,-223.0769
28,2828,-244.8961
29,2929,-205.9051
30,3030,-235.9152
31,3131,-183.71
32,3232,-221.44
33,3333,-196.6148
34,3434,-182.6557
35,3535,-224.0804
36,3636,-256.6422
37,3737,-245.9037
38,3838,-199.9754
39,3939,-187.4301
40,4040,-212.8255
41,4141,-192.052
42,4242,-237.7589
43,4343,-207.7678
44,4444,-199.461
45,4545,-191.5007
46,4646,-239.4784
47,4747,-194.4514
48,4848,-194.9249
49,4949,-191.4739
50,5050,-190.7106
51,5151,-183.2859
52,5252,-176.4847
53,5353,-207.6766
54,5454,-191.1991
55,5555,-201.1888
56,5656,-195.1396
57,5757,-207.8883
58,5858,-205.014
59,5959,-249.1724
60,6060,-198.379
61,6161,-183.1741
62,6262,-170.3863
63,6363,-250.5266
64,6464,-210.581
65,6565,-205.6276
66,6666,-203.3776
67,6767,-169.3299
68,6868,-174.9181
69,6969,-211.8857
70,7070,-201.1334
71,7171,-206.7836
72,7272,-150.6234
73,7373,-204.1731
74,7474,-175.1892
75,7575,-200.7953
76,7676,-209.3891
77,7777,-194.1058
78,7878,-187.2669
79,7979,-202.5393
80,8080,-200.3309
81,8181,-155.634
82,8282,-233.8597
83,8383,-210.1701
84,8484,-183.6687
85,8585,-216.5176
86,8686,-243.8019
87,8787,-229.558
88,8888,-186.1146
89,8989,-201.8728
90,9090,-241.7041
91,9191,-240.684
92,9292,-159.5911
93,9393,-168.0062
94,9494,-193.7431
95,9595,-217.9849
96,9696,-163.2866
97,9797,-225.5323
98,9898,-223.8072
99,9999,-150.4641
100,10100,-227.0303
102,10201,-177.2709
103,10302,-212.0652
104,10403,-179.5941
105,10504,-218.3874
106,10605,-263.8847
107,10706,-186.9766
108,10807,-222.1118
109,10908,-148.8285
110,11009,-219.7385
111,11110,-189.419
112,11211,-223.8464
113,11312,-237.1139
114,11413,-263.8021
115,11514,-207.0176
116,11615,-209.121
117,11716,-237.2884
118,11817,-187.0321
119,11918,-156.6331
120,12019,-230.2869
121,12120,-197.0322
122,12221,-217.0734
123,12322,-216.4189
124,12423,-244.202
125,12524,-205.258
126,12625,-199.22
127,12726,-217.0801
128,12827,-228.5363
129,12928,-174.2571
130,13029,-190.4416
131,13130,-206.7425
132,13231,-193.5201
133,13332,-187.6348
134,13433,-187.8481
135,13534,-229.3079
136,13635,-201.0294
137,13736,-243.7485
138,13837,-166.3417
139,13938,-228.4516
140,14039,-199.1211
141,14140,-259.149
142,14241,-181.0893
143,14342,-226.6563
144,14443,-198.0294
145,14544,-207.6648
146,14645,-215.5043
147,14746,-200.3601
148,14847,-231.0224
149,14948,-226.1602
150,15049,-202.6194
151,15150,-217.0871
152,15251,-234.3585
153,15352,-212.5172
154,15453,-186.5224
155,15554,-220.0428
156,15655,-201.9447
157,15756,-194.7435
158,15857,-208.7597
159,15958,-213.0955
160,16059,-186.3732
161,16160,-199.0699
162,16261,-211.7544
163,16362,-196.674
164,16463,-188.868
165,16564,-237.9079
166,16665,-200.4925
167,16766,-207.9041
168,16867,-200.2023
169,16968,-184.4855
170,17069,-184.1141
171,17170,-204.7328
172,17271,-181.7793
173,17372,-206.0125
174,17473,-238.2228
175,17574,-222.9504
176,17675,-246.7872
177,17776,-205.5283
178,17877,-228.0773
179,17978,-243.5615
180,18079,-222.1636
181,18180,-226.4667
182,18281,-181.1205
183,18382,-184.1522
184,18483,-216.4064
185,18584,-200.3776
186,18685,-211.2739
187,18786,-205.9804
188,18887,-191.9491
189,18988,-169.7102
190,19089,-233.1828
191,19190,-182.2281
192,19291,-234.9443
193,19392,-179.5294
194,19493,-183.3392
195,19594,-172.0726
196,19695,-214.38
197,19796,-232.8728
198,19897,-247.5282
199,19998,-170.9957
200,20099,-193.7688
201,20200,-218.2672
203,20301,-207.0114
204,20402,-186.0529
205,20503,-156.3255
206,20604,-237.9492
207,20705,-213.3998
208,20806,-198.9406
209,20907,-206.1562
210,21008,-209.9638
211,21109,-191.8581
212,21210,-188.9753
213,21311,-217.625
214,21412,-201.1134
215,21513,-171.532
216,21614,-235.8046
217,21715,-228.1665
218,21816,-228.2186
219,21917,-196.3962
220,22018,-201.5431
221,22119,-181.4369
222,22220,-205.6054
223,22321,-214.4627
224,22422,-220.4332
225,22523,-200.8369
226,22624,-222.098
227,22725,-216.1669
228,22826,-194.7468
229,22927,-194.5865
230,23028,-205.6932
231,23129,-191.1548
232,23230,-217.0005
233,23331,-192.6245
234,23432,-243.4489
235,23533,-241.6895
236,23634,-214.6761
237,23735,-193.7938
238,23836,-205.4161
239,23937,-212.8256
240,24038,-235.4424
241,24139,-211.3015
242,24240,-193.9095
243,24341,-206.1369
244,24442,-238.204
245,24543,-193.8171
246,24644,-182.8969
247,24745,-242.2797
248,24846,-207.0921
249,24947,-252.5102
250,25048,-184.4228
251,25149,-192.398
252,25250,-220.1132
253,25351,-217.2711
254,25452,-233.4119
255,25553,-143.3225
256,25654,-226.9932
257,25755,-195.276
258,25856,-227.1442
259,25957,-208.894
260,26058,-191.8692
261,26159,-231.9542
262,26260,-176.656
263,26361,-257.5591
264,26462,-243.9188
265,26563,-211.2131
266,26664,-214.6097
267,26765,-205.7505
268,26866,-218.3908
269,26967,-252.3742
270,27068,-198.467
271,27169,-238.4361
272,27270,-215.5988
273,27371,-223.8399
274,27472,-188.0459
275,27573,-127.6372
276,27674,-197.833
277,27775,-192.6005
278,27876,-229.9751
279,27977,-185.02
280,28078,-210.9044
281,28179,-196.3962
282,28280,-237.8176
283,28381,-189.9394
284,28482,-205.3061
285,28583,-228.4089
286,28684,-182.0289
287,28785,-232.3971
288,28886,-200.949
289,28987,-228.0317
290,29088,-239.2431
291,29189,-204.2975
292,29290,-179.4222
293,29391,-214.5636
294,29492,-186.0763
295,29593,-210.825
296,29694,-171.483
297,29795,-224.3223
298,29896,-196.5641
299,29997,-192.0947
300,30098,-246.8445
301,30199,-236.334
302,30300,-209.9727
304,30401,-206.9676
305,30502,-220.3125
306,30603,-204.8247
307,30704,-218.6147
308,30805,-205.0062
309,30906,-219.0255
310,31007,-190.1519
311,31108,-214.8694
312,31209,-242.6994
313,31310,-203.5113
314,31411,-219.67
315,31512,-212.4028
316,31613,-204.6193
317,31714,-232.6241
318,31815,-194.1564
319,31916,-252.2875
320,32017,-205.5364
321,32118,-169.7223
322,32219,-200.7647
323,32320,-192.5766
324,32421,-215.8427
325,32522,-228.5413
326,32623,-225.6657
327,32724,-207.0399
328,32825,-205.6643
329,32926,-193.1598
330,33027,-211.318
331,33128,-225.9359
332,33229,-218.2845
333,33330,-216.5953
334,33431,-192.8014
335,33532,-216.9546
336,33633,-186.5016
337,33734,-190.9839
338,33835,-183.1229
339,33936,-210.386
340,34037,-240.994
341,34138,-218.7157
342,34239,-223.9428
343,34340,-212.3987
344,34441,-204.6162
345,34542,-208.3078
346,34643,-221.5566
347,34744,-182.7861
348,34845,-157.3775
349,34946,-229.7067
350,35047,-237.5342
351,35148,-193.0846
352,35249,-167.0886
353,35350,-214.2139
354,35451,-218.2033
355,35552,-233.6653
356,35653,-224.1136
357,35754,-218.4397
358,35855,-224.3691
359,35956,-208.5727
360,36057,-198.3189
361,36158,-208.5215
362,36259,-197.9985
363,36360,-222.2218
364,36461,-219.9018
365,36562,-224.6235
366,36663,-238.5882
367,36764,-169.79
368,36865,-226.5707
369,36966,-160.5174
370,37067,-226.661
371,37168,-193.4967
372,37269,-202.5102
373,37370,-207.9673
374,37471,-202.1887
375,37572,-210.275
376,37673,-209.6442
377,37774,-189.5794
378,37875,-203.3599
379,37976,-190.6697
380,38077,-192.5159
381,38178,-227.8029
382,38279,-199.3701
383,38380,-218.0957
384,38481,-216.7678
385,38582,-191.7421
386,38683,-243.8555
387,38784,-191.9401
388,38885,-217.905
389,38986,-178.4619
390,39087,-171.8492
391,39188,-201.94
392,39289,-217.5458
393,39390,-196.7034
394,39491,-252.5558
395,39592,-194.8974
396,39693,-203.2446
397,39794,-229.2204
398,39895,-211.8009
399,39996,-214.3774
400,40097,-228.5426
401,40198,-233.7094
402,40299,-212.1682
403,40400,-190.5686
405,40501,-232.9719
406,40602,-184.9041
407,40703,-233.7331
408,40804,-189.7495
409,40905,-184.773
410,41006,-192.653
411,41107,-198.5498
412,41208,-215.6714
413,41309,-201.4745
414,41410,-205.4142
415,41511,-230.5178
416,41612,-191.1736
417,41713,-193.3083
418,41814,-227.1031
419,41915,-231.7781
420,42016,-199.1597
421,42117,-226.794
422,42218,-188.2804
423,42319,-197.3268
424,42420,-234.0978
425,42521,-166.3282
426,42622,-203.3766
427,42723,-181.7986
428,42824,-206.0245
429,42925,-209.8852
430,43026,-216.628
431,43127,-212.7615
432,43228,-252.3865
433,43329,-180.6554
434,43430,-208.987
435,43531,-188.5229
436,43632,-184.4722
437,43733,-215.0683
438,43834,-228.5228
439,43935,-216.559
440,44036,-219.5922
441,44137,-232.7936
442,44238,-209.0888
443,44339,-208.0558
444,44440,-218.666
445,44541,-206.7023
446,44642,-213.8353
447,44743,-197.606
448,44844,-187.0529
449,44945,-184.0035
450,45046,-195.8093
451,45147,-209.3609
452,45248,-218.3526
453,45349,-186.9023
454,45450,-190.1798
455,45551,-213.1015
456,45652,-211.9463
457,45753,-262.6606
458,45854,-201.6663
459,45955,-202.5377
460,46056,-173.7868
461,46157,-196.0265
462,46258,-233.9085
463,46359,-213.3658
464,46460,-208.62
465,46561,-237.7663
466,46662,-211.2614
467,46763,-206.4482
468,46864,-216.4356
469,46965,-223.4335
470,47066,-185.3265
471,47167,-233.2437
472,47268,-235.2395
473,47369,-187.5572
474,47470,-223.3417
475,47571,-201.8256
476,47672,-219.6649
477,47773,-247.6595
478,47874,-191.8387
479,47975,-228.7361
480,48076,-190.6599
481,48177,-233.0486
482,48278,-205.7687
483,48379,-222.3363
484,48480,-214.2755
485,48581,-217.1053
486,48682,-227.6528
487,48783,-205.1562
488,48884,-225.7079
489,48985,-181.9122
490,49086,-209.5749
491,49187,-216.3868
492,49288,-201.1863
493,49389,-217.2701
494,49490,-204.4573
495,49591,-177.2675
496,49692,-212.0181
497,49793,-204.2103
498,49894,-213.3058
499,49995,-215.0848
500,50096,-199.5053
501,50197,-219.6747
502,50298,-209.1763
503,50399,-222.5839
504,50500,-240.712
506,50601,-194.3134
507,50702,-197.8462
508,50803,-237.6132
509,50904,-197.0224
510,51005,-216.6947
511,51106,-197.2736
512,51207,-220.9431
513,51308,-212.8401
514,51409,-212.3357
515,51510,-217.4196
516,51611,-221.3846
517,51712,-212.3636
518,51813,-209.7807
519,51914,-209.772
520,52015,-222.5034
521,52116,-201.7502
522,52217,-228.0948
523,52318,-184.8144
524,52419,-211.0969
525,52520,-189.5164
526,52621,-217.2715
527,52722,-209.9942
528,52823,-211.5889
529,52924,-194.7265
530,53025,-208.342
531,53126,-212.8021
532,53227,-176.4546
533,53328,-186.9449
534,53429,-205.7986
535,53530,-210.2796
536,53631,-195.6321
537,53732,-242.9266
538,53833,-201.9788
539,53934,-222.2627
540,54035,-238.7947
541,54136,-217.2303
542,54237,-204.8873
543,54338,-238.0444
544,54439,-205.1812
545,54540,-181.2203
546,54641,-191.528
547,54742,-190.8365
548,54843,-208.6016
549,54944,-231.6585
550,55045,-200.3227
551,55146,-201.7
552,55247,-224.772
553,55348,-195.4325
554,55449,-204.7383
555,55550,-217.9266
556,55651,-201.173
557,55752,-194.4808
558,55853,-222.1634
559,55954,-216.7594
560,56055,-198.5898
561,56156,-197.9739
562,56257,-245.9588
563,56358,-232.6668
564,56459,-197.2264
565,56560,-195.2202
566,56661,-201.619
567,56762,-207.7151
568,56863,-203.1249
569,56964,-196.5536
570,57065,-223.8605
571,57166,-177.5734
572,57267,-218.2348
573,57368,-225.3755
574,57469,-199.8131
575,57570,-196.5016
576,57671,-191.2785
577,57772,-236.4312
578,57873,-215.9117
579,57974,-196.71
580,58075,-219.1456
581,58176,-219.6411
582,58277,-194.9812
583,58378,-200.5863
584,58479,-196.1407
585,58580,-211.6349
586,58681,-193.2204
587,58782,-193.6989
588,58883,-203.9628
589,58984,-190.7352
590,59085,-195.0299
591,59186,-218.3061
592,59287,-193.3555
593,59388,-200.0782
594,59489,-197.8191
595,59590,-217.9842
596,59691,-198.6069
597,59792,-208.7581
598,59893,-212.6954
599,59994,-204.8222
600,60095,-193.0343
601,60196,-221.5996
602,60297,-200.3957
603,60398,-201.2924
604,60499,-217.7894
605,60600,-216.0922
607,60701,-194.419
608,60802,-202.6335
609,60903,-189.8538
610,61004,-209.7662
611,61105,-213.4399
612,61206,-195.4255
613,61307,-203.6349
614,61408,-241.9968
615,61509,-167.6001
616,61610,-224.0349
617,61711,-197.7742
618,61812,-206.9551
619,61913,-195.2678
620,62014,-221.0399
621,62115,-209.7974
622,62216,-222.3491
623,62317,-209.7963
624,62418,-186.9868
625,62519,-179.9613
626,62620,-194.4322
627,62721,-188.1082
628,62822,-217.4417
629,62923,-184.7635
630,63024,-209.1574
631,63125,-209.397
632,63226,-191.8788
633,63327,-187.4979
634,63428,-177.4215
635,63529,-178.5658
636,63630,-209.2277
637,63731,-222.1305
638,63832,-202.5623
639,63933,-205.6666
640,64034,-214.6557
641,64135,-219.0365
642,64236,-198.2909
643,64337,-192.9486
644,64438,-195.4626
645,64539,-192.7271
646,64640,-195.0751
647,64741,-208.5425
648,64842,-219.6682
649,64943,-200.0754
650,65044,-203.7984
651,65145,-214.416
652,65246,-215.3777
653,65347,-187.5236
654,65448,-190.8655
655,65549,-224.4392
656,65650,-230.8087
657,65751,-196.3792
658,65852,-218.1773
659,65953,-209.7396
660,66054,-218.9658
661,66155,-202.7962
662,66256,-208.3556
663,66357,-202.9084
664,66458,-197.4948
665,66559,-190.9685
666,66660,-218.0426
667,66761,-191.8881
668,66862,-205.9962
669,66963,-222.281
670,67064,-202.3435
671,67165,-212.553
672,67266,-199.6035
673,67367,-166.671
674,67468,-199.6164
675,67569,-189.9638
676,67670,-219.5814
677,67771,-218.3842
678,67872,-206.5147
679,67973,-209.166
680,68074,-214.1221
681,68175,-210.2217
682,68276,-218.7536
683,68377,-222.7797
684,68478,-187.6382
685,68579,-212.8262
686,68680,-206.439
687,68781,-189.6181
688,68882,-211.1781
689,68983,-193.0794
690,69084,-200.3337
691,69185,-213.4239
692,69286,-234.5699
693,69387,-202.6998
694,69488,-207.0538
695,69589,-198.4427
696,69690,-232.0159
697,69791,-211.1199
698,69892,-217.6432
699,69993,-221.4563
700,70094,-227.5454
701,70195,-223.2045
702,70296,-190.3637
703,70397,-215.6926
704,70498,-216.389
705,70599,-222.3383
706,70700,-203.4929
708,70801,-203.9075
709,70902,-198.2985
710,71003,-215.5002
711,71104,-198.4062
712,71205,-202.0969
713,71306,-206.8174
714,71407,-189.2085
715,71508,-196.4251
716,71609,-183.0748
717,71710,-198.4032
718,71811,-236.8483
719,71912,-193.2473
720,72013,-225.6079
721,72114,-198.7197
722,72215,-217.2815
723,72316,-198.6696
724,72417,-218.8392
725,72518,-198.5863
726,72619,-217.5678
727,72720,-201.5523
728,72821,-192.4335
729,72922,-201.1232
730,73023,-191.0468
731,73124,-200.865
732,73225,-201.8497
733,73326,-227.8952
734,73427,-211.3777
735,73528,-230.7217
736,73629,-199.4407
737,73730,-200.0187
738,73831,-217.4023
739,73932,-205.4012
740,74033,-210.8538
741,74134,-203.6927
742,74235,-199.8001
743,74336,-182.1884
744,74437,-221.8462
745,74538,-172.6485
746,74639,-187.0566
747,74740,-207.9957
748,74841,-196.8129
749,74942,-211.8601
750,75043,-200.3836
751,75144,-204.1194
752,75245,-208.3336
753,75346,-201.1315
754,75447,-233.8442
755,75548,-194.3459
756,75649,-222.3535
757,75750,-211.496
758,75851,-184.1155
759,75952,-202.713
760,76053,-205.9334
761,76154,-217.7773
762,76255,-221.2604
763,76356,-218.459
764,76457,-207.2941
765,76558,-211.7962
766,76659,-229.5488
767,76760,-200.1769
768,76861,-224.062
769,76962,-212.7067
770,77063,-201.7024
771,77164,-219.7292
772,77265,-190.6045
773,77366,-192.1587
774,77467,-200.9978
775,77568,-203.6176
776,77669,-208.4666
777,77770,-211.4375
778,77871,-211.7569
779,77972,-210.9646
780,78073,-194.3507
781,78174,-200.909
782,78275,-188.1367
783,78376,-206.8617
784,78477,-219.7964
785,78578,-219.2263
786,78679,-216.9591
787,78780,-215.5444
788,78881,-214.5768
789,78982,-209.1575
790,79083,-238.0142
791,79184,-222.8039
792,79285,-209.2036
793,79386,-195.1711
794,79487,-219.1838
795,79588,-222.3176
796,79689,-227.3504
797,79790,-199.4897
798,79891,-235.6026
799,79992,-175.1547
800,80093,-197.969
801,80194,-208.5284
802,80295,-224.404
803,80396,-209.2468
804,80497,-197.3676
805,80598,-198.5978
806,80699,-199.9622
807,80800,-200.2257
809,80901,-212.0782
810,81002,-209.9926
811,81103,-211.6993
812,81204,-210.7835
813,81305,-210.6114
814,81406,-219.627
815,81507,-185.6547
816,81608,-209.1804
817,81709,-200.2574
818,81810,-210.8334
819,81911,-204.4076
820,82012,-221.9496
821,82113,-209.9242
822,82214,-203.9205
823,82315,-200.212
824,82416,-196.4132
825,82517,-224.4805
826,82618,-189.8915
827,82719,-209.9148
828,82820,-197.6566
829,82921,-208.14
830,83022,-191.2961
831,83123,-201.418
832,83224,-215.6202
833,83325,-214.0976
834,83426,-203.1464
835,83527,-219.613
836,83628,-203.1138
837,83729,-217.609
838,83830,-206.1735
839,83931,-210.5414
840,84032,-214.1852
841,84133,-209.5127
842,84234,-201.6232
843,84335,-199.7547
844,84436,-214.1855
845,84537,-241.4074
846,84638,-199.5013
847,84739,-200.6405
848,84840,-215.369
849,84941,-193.0905
850,85042,-220.227
851,85143,-209.8817
852,85244,-202.5702
853,85345,-206.0496
854,85446,-203.5763
855,85547,-184.1725
856,85648,-224.044
857,85749,-196.1629
858,85850,-206.5105
859,85951,-203.8318
860,86052,-194.5991
861,86153,-199.9771
862,86254,-197.1913
863,86355,-211.9445
864,86456,-211.8469
865,86557,-199.9703
866,86658,-195.7027
867,86759,-192.3786
868,86860,-226.9445
869,86961,-216.4895
870,87062,-212.4082
871,87163,-213.5165
872,87264,-220.9995
873,87365,-211.4698
874,87466,-202.7399
875,87567,-209.0342
876,87668,-201.0533
877,87769,-195.0479
878,87870,-220.1272
879,87971,-225.6511
880,88072,-203.522
881,88173,-211.8295
882,88274,-204.8054
883,88375,-202.4747
884,88476,-188.5097
885,88577,-218.0208
886,88678,-211.9012
887,88779,-219.9793
888,88880,-217.331
889,88981,-217.8736
890,89082,-208.0991
891,89183,-194.7528
892,89284,-210.4786
893,89385,-217.8755
894,89486,-201.2409
895,89587,-212.4298
896,89688,-205.1793
897,89789,-196.4283
898,89890,-199.7693
899,89991,-216.5893
900,90092,-213.0866
901,90193,-209.4758
902,90294,-190.8905
903,90395,-218.7182
904,90496,-200.6017
905,90597,-208.0106
906,90698,-204.3735
907,90799,-203.9461
908,90900,-213.4534
910,91001,-203.061
911,91102,-211.217
912,91203,-204.0312
913,91304,-195.7385
914,91405,-216.0543
915,91506,-214.6325
916,91607,-203.0578
917,91708,-207.5547
918,91809,-201.9646
919,91910,-201.0366
920,92011,-207.495
921,92112,-201.3101
922,92213,-198.7503
923,92314,-195.7423
924,92415,-209.8363
925,92516,-224.1753
926,92617,-210.7458
927,92718,-204.5337
928,92819,-211.7848
929,92920,-228.0602
930,93021,-206.0933
931,93122,-223.9723
932,93223,-208.3634
933,93324,-213.1777
934,93425,-208.5176
935,93526,-204.1496
936,93627,-215.2701
937,93728,-211.3922
938,93829,-196.8389
939,93930,-204.3822
940,94031,-207.7098
941,94132,-222.1897
942,94233,-225.9947
943,94334,-182.0523
944,94435,-208.7891
945,94536,-199.6989
946,94637,-202.6335
947,94738,-200.487
948,94839,-234.6208
949,94940,-212.9164
950,95041,-206.2814
951,95142,-217.0185
952,95243,-213.6423
953,95344,-198.9168
954,95445,-215.347
955,95546,-201.8688
956,95647,-213.2391
957,95748,-230.6393
958,95849,-206.4179
959,95950,-209.1326
960,96051,-209.801
961,96152,-221.3303
962,96253,-205.2015
963,96354,-217.4526
964,96455,-205.274
965,96556,-207.7438
966,96657,-208.1016
967,96758,-207.9297
968,96859,-209.0744
969,96960,-226.1543
970,97061,-206.5508
971,97162,-201.7262
972,97263,-203.323
973,97364,-208.0429
974,97465,-216.6124
975,97566,-205.1676
976,97667,-220.4496
977,97768,-203.707
978,97869,-215.5445
979,97970,-202.0969
980,98071,-207.8595
981,98172,-234.5265
982,98273,-207.7859
983,98374,-216.1377
984,98475,-220.1342
985,98576,-213.2016
986,98677,-208.3318
987,98778,-218.6529
988,98879,-219.1297
989,98980,-205.1807
990,99081,-221.6814
991,99182,-214.0961
992,99283,-202.2714
993,99384,-213.7987
994,99485,-209.1139
995,99586,-217.8042
996,99687,-224.8907
997,99788,-202.1581
998,99889,-220.6262
999,99990,-190.1827
1000,100091,-203.7277
1001,100192,-214.8391
1002,100293,-209.8332
1003,100394,-211.3307
1004,100495,-213.5481
1005,100596,-211.6657
1006,100697,-207.7169
1007,100798,-220.4632
1008,100899,-207.8279
1009,101000,-222.2339
1011,101101,-201.4398
1012,101202,-217.5107
1013,101303,-196.4838
1014,101404,-231.8797
1015,101505,-206.7975
1016,101606,-211.4607
1017,101707,-216.8125
1018,101808,-214.8061
1019,101909,-200.9085
1020,102010,-217.5981
1021,102111,-218.5743
1022,102212,-208.9069
1023,102313,-204.2514
1024,102414,-210.018
1025,102515,-197.7471
1026,102616,-214.4864
1027,102717,-206.9017
1028,102818,-221.3577
1029,102919,-224.1469
1030,103020,-221.5076
1031,103121,-212.8855
1032,103222,-213.9895
1033,103323,-212.8844
1034,103424,-218.0178
1035,103525,-221.9572
1036,103626,-213.3731
1037,103727,-203.9669
1038,103828,-210.6556
1039,103929,-211.6274
1040,104030,-207.6294
1041,104131,-222.4965
1042,104232,-197.5379
1043,104333,-218.983
1044,104434,-226.3277
1045,104535,-219.5329
1046,104636,-213.823
1047,104737,-221.6162
1048,104838,-214.8893
1049,104939,-212.3391
1050,105040,-220.0208
1051,105141,-217.7546
1052,105242,-208.7326
1053,105343,-197.0106
1054,105444,-209.1246
1055,105545,-232.4106
1056,105646,-210.6184
1057,105747,-222.4961
1058,105848,-214.7796
1059,105949,-210.2019
1060,106050,-209.3948
1061,106151,-211.7655
1062,106252,-200.6471
1063,106353,-207.7208
1064,106454,-218.3183
1065,106555,-216.2395
1066,106656,-193.1201
1067,106757,-222.0809
1068,106858,-200.4653
1069,106959,-219.4712
1070,107060,-219.9434
1071,107161,-210.1261
1072,107262,-213.5131
1073,107363,-202.9137
1074,107464,-204.3448
1075,107565,-213.999
1076,107666,-231.246
1077,107767,-198.9576
1078,107868,-207.8069
1079,107969,-199.4172
1080,108070,-217.2377
1081,108171,-209.2669
1082,108272,-206.2932
1083,108373,-218.1193
1084,108474,-203.5625
1085,108575,-210.8568
1086,108676,-210.3041
1087,108777,-217.8729
1088,108878,-191.8867
1089,108979,-215.6448
1090,109080,-225.7231
1091,109181,-205.0821
1092,109282,-217.5252
1093,109383,-209.7787
1094,109484,-213.8335
1095,109585,-196.6238
1096,109686,-207.0518
1097,109787,-194.6359
1098,109888,-221.9624
1099,109989,-219.355
1100,110090,-214.2349
1101,110191,-230.0327
1102,110292,-198.767
1103,110393,-220.1097
1104,110494,-191.5661
1105,110595,-210.2055
1106,110696,-216.6116
1107,110797,-213.6862
1108,110898,-221.6676
1109,110999,-220.155
1110,111100,-199.6566
1112,111201,-211.1511
1113,111302,-218.4836
1114,111403,-234.1255
1115,111504,-209.379
1116,111605,-196.5846
1117,111706,-212.8967
1118,111807,-216.1343
1119,111908,-205.5846
1120,112009,-202.7499
1121,112110,-208.1463
1122,112211,-214.205
1123,112312,-205.3726
1124,112413,-208.2208
1125,112514,-197.8691
1126,112615,-199.6751
1127,112716,-205.8754
1128,112817,-206.9326
1129,112918,-201.5611
1130,113019,-208.5196
1131,113120,-208.9089
1132,113221,-211.1146
1133,113322,-214.7522
1134,113423,-208.1847
1135,113524,-218.5943
1136,113625,-197.55
1137,113726,-215.4472
1138,113827,-214.074
1139,113928,-210.137
1140,114029,-205.5023
1141,114130,-243.7887
1142,114231,-202.8788
1143,114332,-213.2501
1144,114433,-200.285
1145,114534,-200.7512
1146,114635,-218.213
1147,114736,-202.2024
1148,114837,-196.0055
1149,114938,-207.506
1150,115039,-203.551
1151,115140,-196.0437
1152,115241,-203.4968
1153,115342,-210.0065
1154,115443,-201.1443
1155,115544,-198.7447
1156,115645,-223.399
1157,115746,-230.2168
1158,115847,-203.0251
1159,115948,-206.6084
1160,116049,-210.9247
1161,116150,-207.805
1162,116251,-209.6279
1163,116352,-216.9646
1164,116453,-217.1524
1165,116554,-204.0772
1166,116655,-203.4115
1167,116756,-207.6427
1168,116857,-210.087
1169,116958,-203.3082
1170,117059,-210.5814
1171,117160,-202.9488
1172,117261,-206.3309
1173,117362,-213.9982
1174,117463,-201.3567
1175,117564,-204.291
1176,117665,-208.1124
1177,117766,-205.7791
1178,117867,-201.6111
1179,117968,-212.1407
1180,118069,-206.2927
1181,118170,-208.7012
1182,118271,-197.0436
1183,118372,-226.9395
1184,118473,-230.8915
1185,118574,-210.0638
1186,118675,-202.442
1187,118776,-198.7059
1188,118877,-203.4694
1189,118978,-208.9166
1190,119079,-211.9384
1191,119180,-217.6005
1192,119281,-202.5643
1193,119382,-209.9915
1194,119483,-201.2978
1195,119584,-232.2484
1196,119685,-208.663
1197,119786,-213.788
1198,119887,-212.5309
1199,119988,-209.403
1200,120089,-195.3655
1201,120190,-195.0343
1202,120291,-196.5514
1203,120392,-211.6609
1204,120493,-196.269
1205,120594,-206.8628
1206,120695,-202.1732
1207,120796,-213.5528
1208,120897,-196.0114
1209,120998,-213.2348
1210,121099,-208.1614
1211,121200,-213.7169
1213,121301,-216.211
1214,121402,-212.089
1215,121503,-200.3049
1216,121604,-210.9435
1217,121705,-207.398
1218,121806,-215.0264
1219,121907,-210.506
1220,122008,-218.9953
1221,122109,-205.7121
1222,122210,-231.0165
1223,122311,-211.6124
1224,122412,-204.5812
1225,122513,-234.3656
1226,122614,-200.2072
1227,122715,-223.7347
1228,122816,-202.9109
1229,122917,-203.5491
1230,123018,-223.401
1231,123119,-215.9101
1232,123220,-212.1864
1233,123321,-208.0309
1234,123422,-199.7173
1235,123523,-208.9137
1236,123624,-207.8617
1237,123725,-222.8074
1238,123826,-211.8015
1239,123927,-208.7068
1240,124028,-202.7646
1241,124129,-216.0291
1242,124230,-223.7962
1243,124331,-207.2887
1244,124432,-204.7551
1245,124533,-210.6212
1246,124634,-203.0867
1247,124735,-224.362
1248,124836,-212.4128
1249,124937,-205.8139
1250,125038,-192.5718
1251,125139,-208.8715
1252,125240,-219.3439
1253,125341,-209.5298
1254,125442,-197.1547
1255,125543,-214.152
1256,125644,-210.7213
1257,125745,-203.8963
1258,125846,-201.0019
1259,125947,-210.5432
1260,126048,-205.3433
1261,126149,-237.1638
1262,126250,-199.9107
1263,126351,-221.8034
1264,126452,-210.338
1265,126553,-229.7483
1266,126654,-225.8019
1267,126755,-212.3336
1268,126856,-224.6169
1269,126957,-203.8788
1270,127058,-213.4161
1271,127159,-207.7072
1272,127260,-212.0322
1273,127361,-208.6128
1274,127462,-238.1974
1275,127563,-211.3042
1276,127664,-206.4396
1277,127765,-221.7395
1278,127866,-219.0691
1279,127967,-202.6663
1280,128068,-218.0143
1281,128169,-215.9389
1282,128270,-219.8998
1283,128371,-204.3046
1284,128472,-212.2078
1285,128573,-217.7817
1286,128674,-191.6363
1287,128775,-219.0055
1288,128876,-207.5728
1289,128977,-213.3252
1290,129078,-221.71
1291,129179,-228.2246
1292,129280,-204.8854
1293,129381,-228.47
1294,129482,-214.13
1295,129583,-215.8481
1296,129684,-234.7605
1297,129785,-199.3265
1298,129886,-209.2724
1299,129987,-221.0041
1300,130088,-199.1878
1301,130189,-206.0164
1302,130290,-206.0666
1303,130391,-227.7632
1304,130492,-204.1656
1305,130593,-217.5135
1306,130694,-215.6288
1307,130795,-209.8
1308,130896,-209.095
1309,130997,-222.0115
1310,131098,-221.2587
1311,131199,-220.7577
1312,131300,-213.3311
1314,131401,-212.3265
1315,131502,-198.647
1316,131603,-201.8548
1317,131704,-208.4222
1318,131805,-201.5355
1319,131906,-203.8126
1320,132007,-215.9993
1321,132108,-214.4922
1322,132209,-219.6814
1323,132310,-198.0225
1324,132411,-192.3365
1325,132512,-210.0585
1326,132613,-207.6988
1327,132714,-211.8524
1328,132815,-213.151
1329,132916,-205.8667
1330,133017,-200.9676
1331,133118,-198.2263
1332,133219,-210.4185
1333,133320,-207.2383
1334,133421,-209.4578
1335,133522,-219.0996
1336,133623,-213.0696
1337,133724,-209.0208
1338,133825,-218.6102
1339,133926,-217.3705
1340,134027,-219.1007
1341,134128,-217.8482
1342,134229,-221.3818
1343,134330,-223.0674
1344,134431,-220.1262
1345,134532,-205.2595
1346,134633,-224.2722
1347,134734,-221.0989
1348,134835,-229.0794
1349,134936,-220.7712
1350,135037,-225.1512
1351,135138,-221.7938
1352,135239,-226.2335
1353,135340,-217.0305
1354,135441,-217.974
1355,135542,-213.854
1356,135643,-220.873
1357,135744,-226.4205
1358,135845,-204.427
1359,135946,-216.5185
1360,136047,-210.4449
1361,136148,-234.2903
1362,136249,-213.5514
1363,136350,-218.5201
1364,136451,-220.007
1365,136552,-219.8487
1366,136653,-230.7856
1367,136754,-222.6436
1368,136855,-217.4153
1369,136956,-224.5857
1370,137057,-228.3696
1371,137158,-227.4441
1372,137259,-223.9368
1373,137360,-223.4422
1374,137461,-202.3121
1375,137562,-212.6559
1376,137663,-217.5001
1377,137764,-228.797
1378,137865,-224.1719
1379,137966,-223.7628
1380,138067,-240.0949
1381,138168,-217.0259
1382,138269,-224.6002
1383,138370,-220.8939
1384,138471,-215.2992
1385,138572,-220.8447
1386,138673,-216.4539
1387,138774,-224.4328
1388,138875,-222.4165
1389,138976,-228.2989
1390,139077,-221.8259
1391,139178,-215.9951
1392,139279,-214.8372
1393,139380,-232.3976
1394,139481,-220.1617
1395,139582,-219.8264
1396,139683,-209.8591
1397,139784,-218.489
1398,139885,-222.8803
1399,139986,-213.6069
1400,140087,-223.6326
1401,140188,-222.336
1402,140289,-224.3011
1403,140390,-219.2711
1404,140491,-224.5786
1405,140592,-234.0837
1406,140693,-232.9005
1407,140794,-229.7999
1408,140895,-197.6982
1409,140996,-229.489
1410,141097,-204.4705
1411,141198,-215.7275
1412,141299,-223.1638
1413,141400,-226.9943
1415,141501,-211.2091
1416,141602,-229.1321
1417,141703,-214.7189
1418,141804,-212.5347
1419,141905,-212.2779
1420,142006,-208.6709
1421,142107,-219.5513
1422,142208,-219.4012
1423,142309,-221.8219
1424,142410,-228.5432
1425,142511,-221.5948
1426,142612,-211.7723
1427,142713,-227.2584
1428,142814,-221.5333
1429,142915,-232.2309
1430,143016,-225.838
1431,143117,-219.379
1432,143218,-218.1494
1433,143319,-230.072
1434,143420,-223.9623
1435,143521,-219.2988
1436,143622,-221.4154
1437,143723,-222.6257
1438,143824,-233.9945
1439,143925,-219.0068
1440,144026,-222.7078
1441,144127,-225.8183
1442,144228,-212.8407
1443,144329,-223.4758
1444,144430,-216.6939
1445,144531,-226.1451
1446,144632,-216.3177
1447,144733,-226.9884
1448,144834,-221.326
1449,144935,-213.6456
1450,145036,-225.6341
1451,145137,-225.603
1452,145238,-210.2472
1453,145339,-206.2847
1454,145440,-222.1105
1455,145541,-217.6816
1456,145642,-229.1866
1457,145743,-225.3145
1458,145844,-220.7172
1459,145945,-215.1997
1460,146046,-227.8844
1461,146147,-229.8077
1462,146248,-229.1913
1463,146349,-212.9697
1464,146450,-214.71
1465,146551,-226.9739
1466,146652,-221.6115
1467,146753,-225.8988
1468,146854,-212.526
1469,146955,-220.4228
1470,147056,-221.7993
1471,147157,-231.4322
1472,147258,-225.3695
1473,147359,-218.7869
1474,147460,-219.0201
1475,147561,-217.0717
1476,147662,-221.7993
1477,147763,-219.4435
1478,147864,-217.5605
1479,147965,-226.4104
1480,148066,-225.0715
1481,148167,-226.037
1482,148268,-232.273
1483,148369,-218.8437
1484,148470,-223.7316
1485,148571,-231.2486
1486,148672,-222.7897
1487,148773,-222.2397
1488,148874,-220.9675
1489,148975,-230.6352
1490,149076,-228.7108
1491,149177,-225.5702
1492,149278,-220.9673
1493,149379,-221.6618
1494,149480,-214.6207
1495,149581,-219.8216
1496,149682,-219.4284
1497,149783,-208.3121
1498,149884,-216.8045
1499,149985,-221.2638
1500,150086,-212.3968
1501,150187,-242.4607
1502,150288,-231.7785
1503,150389,-220.8855
1504,150490,-210.9956
1505,150591,-209.6113
1506,150692,-219.0221
1507,150793,-219.3834
1508,150894,-227.9965
1509,150995,-218.4134
1510,151096,-218.2648
1511,151197,-218.5883
1512,151298,-231.4833
1513,151399,-222.7228
1514,151500,-218.4571
1516,151601,-223.8124
1517,151702,-246.8916
1518,151803,-214.9312
1519,151904,-220.6142
1520,152005,-226.1448
1521,152106,-234.3521
1522,152207,-211.4935
1523,152308,-212.8002
1524,152409,-238.7571
1525,152510,-212.0047
1526,152611,-223.2154
1527,152712,-230.475
1528,152813,-215.0951
1529,152914,-208.7735
1530,153015,-225.0481
1531,153116,-213.5464
1532,153217,-219.8608
1533,153318,-217.6878
1534,153419,-219.1025
1535,153520,-221.8911
1536,153621,-223.698
1537,153722,-228.1378
1538,153823,-228.1446
1539,153924,-226.5645
1540,154025,-224.691
1541,154126,-218.0585
1542,154227,-213.6333
1543,154328,-222.468
1544,154429,-224.6446
1545,154530,-223.5853
1546,154631,-216.0084
1547,154732,-216.8747
1548,154833,-222.8912
1549,154934,-223.7219
1550,155035,-216.0563
1551,155136,-216.4953
1552,155237,-225.05
1553,155338,-206.8594
1554,155439,-203.3748
1555,155540,-231.8413
1556,155641,-231.8269
1557,155742,-220.8655
1558,155843,-229.069
1559,155944,-218.884
1560,156045,-217.1744
1561,156146,-226.4126
1562,156247,-228.541
1563,156348,-225.8704
1564,156449,-210.1116
1565,156550,-216.725
1566,156651,-222.656
1567,156752,-221.9282
1568,156853,-217.6673
1569,156954,-225.1152
1570,157055,-230.7382
1571,157156,-222.3268
1572,157257,-219.6978
1573,157358,-214.1235
1574,157459,-225.9182
1575,157560,-217.8863
1576,157661,-230.6865
1577,157762,-228.0664
1578,157863,-221.4384
1579,157964,-211.4955
1580,158065,-227.7951
1581,158166,-219.6159
1582,158267,-206.9204
1583,158368,-219.33
1584,158469,-218.498
1585,158570,-237.0168
1586,158671,-215.984
1587,158772,-233.3198
1588,158873,-201.8021
1589,158974,-224.1819
1590,159075,-229.4201
1591,159176,-222.9761
1592,159277,-222.1562
1593,159378,-229.1314
1594,159479,-225.8222
1595,159580,-218.9306
1596,159681,-227.1616
1597,159782,-230.5041
1598,159883,-220.9639
1599,159984,-227.8105
1600,160085,-215.7272
1601,160186,-226.3446
1602,160287,-213.7869
1603,160388,-221.4066
1604,160489,-231.7172
1605,160590,-226.2225
1606,160691,-218.3951
1607,160792,-232.0966
1608,160893,-220.7741
1609,160994,-205.8804
1610,161095,-226.1779
1611,161196,-227.3799
1612,161297,-220.6026
1613,161398,-224.409
1614,161499,-211.2668
1615,161600,-216.0839
1617,161701,-217.032
1618,161802,-215.401
1619,161903,-221.6335
1620,162004,-225.8097
1621,162105,-236.9373
1622,162206,-232.1978
1623,162307,-212.3624
1624,162408,-224.9622
1625,162509,-229.3564
1626,162610,-217.6929
1627,162711,-227.0564
1628,162812,-224.8112
1629,162913,-209.7102
1630,163014,-223.5415
1631,163115,-217.8951
1632,163216,-218.4739
1633,163317,-211.2018
1634,163418,-211.4639
1635,163519,-209.3051
1636,163620,-226.4439
1637,163721,-221.5164
1638,163822,-224.6023
1639,163923,-208.9841
1640,164024,-224.0472
1641,164125,-215.5056
1642,164226,-222.5435
1643,164327,-226.989
1644,164428,-225.6281
1645,164529,-223.2122
1646,164630,-215.0542
1647,164731,-225.4114
1648,164832,-231.5159
1649,164933,-217.0951
1650,165034,-219.0153
1651,165135,-218.6087
1652,165236,-215.0307
1653,165337,-219.8207
1654,165438,-227.0237
1655,165539,-223.2855
1656,165640,-227.9755
1657,165741,-216.8922
1658,165842,-229.2682
1659,165943,-231.729
1660,166044,-220.6128
1661,166145,-221.6403
1662,166246,-225.8455
1663,166347,-209.7867
1664,166448,-207.2186
1665,166549,-214.8572
1666,166650,-222.4097
1667,166751,-243.1891
1668,166852,-220.4941
1669,166953,-227.6641
1670,167054,-220.8618
1671,167155,-226.7709
1672,167256,-216.7046
1673,167357,-217.5682
1674,167458,-226.8054
1675,167559,-224.7827
1676,167660,-215.175
1677,167761,-225.9745
1678,167862,-221.4405
1679,167963,-217.2074
1680,168064,-218.1903
1681,168165,-215.2624
1682,168266,-231.605
1683,168367,-232.2768
1684,168468,-213.5785
1685,168569,-213.9258
1686,168670,-211.5755
1687,168771,-217.0709
1688,168872,-225.1412
1689,168973,-209.5489
1690,169074,-228.2648
1691,169175,-221.1106
1692,169276,-215.547
1693,169377,-216.2699
1694,169478,-223.7652
1695,169579,-226.6915
1696,169680,-241.1655
1697,169781,-227.5449
1698,169882,-219.581
1699,169983,-232.6392
1700,170084,-216.5618
1701,170185,-221.0788
1702,170286,-227.3032
1703,170387,-215.7492
1704,170488,-222.1703
1705,170589,-230.5713
1706,170690,-220.6402
1707,170791,-233.4507
1708,170892,-217.1528
1709,170993,-222.9034
1710,171094,-224.0151
1711,171195,-212.6391
1712,171296,-213.5123
1713,171397,-220.1708
1714,171498,-220.4881
1715,171599,-221.1211
1716,171700,-210.2676
1718,171801,-222.4161
1719,171902,-214.7211
1720,172003,-214.0402
1721,172104,-231.3625
1722,172205,-225.6782
1723,172306,-229.5504
1724,172407,-216.2559
1725,172508,-231.8443
1726,172609,-228.4523
1727,172710,-212.5536
1728,172811,-226.6177
1729,172912,-211.1622
1730,173013,-222.2358
1731,173114,-221.1117
1732,173215,-221.3706
1733,173316,-218.0373
1734,173417,-216.9533
1735,173518,-218.0603
1736,173619,-222.9268
1737,173720,-220.8204
1738,173821,-216.286
1739,173922,-207.7937
1740,174023,-219.4237
1741,174124,-219.5957
1742,174225,-221.3367
1743,174326,-227.8725
1744,174427,-223.6117
1745,174528,-229.9463
1746,174629,-212.5813
1747,174730,-218.2198
1748,174831,-229.4237
1749,174932,-216.8797
1750,175033,-217.9248
1751,175134,-219.1446
1752,175235,-223.5096
1753,175336,-231.0638
1754,175437,-219.1777
1755,175538,-215.3886
1756,175639,-219.065
1757,175740,-226.7599
1758,175841,-224.9979
1759,175942,-215.3341
1760,176043,-223.934
1761,176144,-223.6732
1762,176245,-221.1619
1763,176346,-218.7285
1764,176447,-212.7549
1765,176548,-222.8903
1766,176649,-222.3292
1767,176750,-221.8428
1768,176851,-223.8898
1769,176952,-216.9547
1770,177053,-223.6519
1771,177154,-218.0647
1772,177255,-219.0741
1773,177356,-234.5634
1774,177457,-222.7861
1775,177558,-221.4988
1776,177659,-228.4195
1777,177760,-215.584
1778,177861,-205.2488
1779,177962,-216.9629
1780,178063,-219.2635
1781,178164,-221.9126
1782,178265,-231.4169
1783,178366,-217.0172
1784,178467,-232.4773
1785,178568,-211.7154
1786,178669,-227.4387
1787,178770,-228.6336
1788,178871,-228.1436
1789,178972,-225.9551
1790,179073,-217.5928
1791,179174,-222.4442
1792,179275,-227.1123
1793,179376,-209.8391
1794,179477,-217.1622
1795,179578,-219.5573
1796,179679,-230.0015
1797,179780,-232.1811
1798,179881,-226.0156
1799,179982,-224.2072
1800,180083,-233.2948
1801,180184,-213.4551
1802,180285,-221.9492
1803,180386,-234.712
1804,180487,-223.6591
1805,180588,-232.688
1806,180689,-217.3208
1807,180790,-221.3279
1808,180891,-228.8605
1809,180992,-224.1859
1810,181093,-220.3473
1811,181194,-216.6285
1812,181295,-219.9572
1813,181396,-221.143
1814,181497,-217.2515
1815,181598,-227.182
1816,181699,-210.1039
1817,181800,-226.6084
1819,181901,-224.6137
1820,182002,-224.6587
1821,182103,-228.7785
1822,182204,-227.3993
1823,182305,-207.6422
1824,182406,-215.9061
1825,182507,-218.9617
1826,182608,-213.3542
1827,182709,-206.6781
1828,182810,-228.1144
1829,182911,-219.71
1830,183012,-223.5612
1831,183113,-220.4717
1832,183214,-236.9351
1833,183315,-218.3324
1834,183416,-218.0386
1835,183517,-208.384
1836,183618,-221.6231
1837,183719,-223.0655
1838,183820,-233.0576
1839,183921,-229.9768
1840,184022,-214.4765
1841,184123,-216.7665
1842,184224,-237.0773
1843,184325,-220.0687
1844,184426,-219.0387
1845,184527,-231.4349
1846,184628,-213.2502
1847,184729,-222.4045
1848,184830,-231.4762
1849,184931,-219.4934
1850,185032,-221.8451
1851,185133,-218.2525
1852,185234,-228.7528
1853,185335,-223.7091
1854,185436,-226.4996
1855,185537,-217.1322
1856,185638,-221.9024
1857,185739,-202.1144
1858,185840,-221.1084
1859,185941,-212.3712
1860,186042,-218.2901
1861,186143,-220.3291
1862,186244,-223.5622
1863,186345,-220.8278
1864,186446,-221.1377
1865,186547,-220.8587
1866,186648,-230.1609
1867,186749,-210.4607
1868,186850,-218.1655
1869,186951,-209.6726
1870,187052,-221.9651
1871,187153,-224.5835
1872,187254,-210.8568
1873,187355,-230.9664
1874,187456,-213.9531
1875,187557,-224.8185
